TITLE,COMPANY,EXPERIENCE,LOCATION
"SDET - automation testing,selenium Java, Rest Assured",Clifyx Technology,1-4 Yrs,Bengaluru
SDET - Java or Python Test Automation,ZuciTech Software Solutions,1-6 Yrs,Bengaluru
Test Analyst (SDET) - Automation,Hexaware Technologies,2-4 Yrs,Bengaluru
SDET - JS Appium and Java Test Automation,ZuciTech Software Solutions,1-6 Yrs,Bengaluru
Sdet Engineer,Bahwan CyberTek,1-3 Yrs,Bengaluru
Software Development Engineer in Test (SDET),Drivetrain,2-5 Yrs,"Bengaluru, Pune, Chennai, Hyderabad, Kolkata, Mumbai, New Delhi"
SDET Automation Test Engineer (Rest assured) - Bangalore,Info Edge,2-3 Yrs,Bengaluru
SDET,Money View,3-5 Yrs,Hybrid - Bengaluru(Kadubeesanahalli)
SDET / QA Engineer,the modern dimension,2-7 Yrs,Bengaluru
SDET,Krazy Mantra It,1-3 Yrs,"Bengaluru, Pune, Chennai, Hyderabad"
Software Development Engineer in Test (SDET),Applause,2-5 Yrs,"Bengaluru, Pune, Chennai, Hyderabad, Kolkata, Mumbai, New Delhi"
SDET,Lenskart,2-4 Yrs,Bengaluru
SDET,Krazy Mantra It,1-3 Yrs,"Bengaluru, Pune, Chennai, Hyderabad"
QA Automation Engineer (SDET Python),Diverse Lynx,2-7 Yrs,Bengaluru
QA SDET,Synechron,3-6 Yrs,Hybrid - Bengaluru
Software Development Engineer in Test (SDET) - PST Shift,Skypoint Cloud,3-8 Yrs,Bengaluru
Software Development Engineer in Test (SDET),Xoxoday,3-8 Yrs,Bengaluru
SDET,Indium Software,3-5 Yrs,"Bengaluru, Mumbai, Gurugram"
SDET,UST,3-5 Yrs,Bengaluru
"Automation SDET - Urgent! BLR, KOL, NOI",Cognizant,3-8 Yrs,"Hybrid - Bengaluru, Kolkata, Noida"
